{
  "precision_at_5": 0.13333333333333336,
  "recall_at_5": 0.03750478377344049,
  "ndcg_at_5": 0.14561468804999805,
  "map_at_5": 0.12555555555555553,
  "precision_at_10": 0.09444444444444446,
  "recall_at_10": 0.05013343943692203,
  "ndcg_at_10": 0.11520294335203173,
  "map_at_10": 0.07687830687830689,
  "precision_at_20": 0.08888888888888889,
  "recall_at_20": 0.07389679603609951,
  "ndcg_at_20": 0.12257890146654282,
  "map_at_20": 0.07198544551614727,
  "mrr": 0.21256613756613757
}